-- 插入departments数据示例
INSERT INTO departments (department_id, department_name) VALUES
    ('01', '计算机科学与人工智能学院'),
    ('02', '电子工程学院'),
    ('03', '经济学学院');

-- 插入majors数据示例
INSERT INTO majors (major_id, major_name, department_id) VALUES
    ('0101', '计算机科学与技术', '01'),
    ('0102', '软件工程', '01'),
    ('0201', '电子工程', '02'),
    ('0301', '国际经济与贸易', '03');

-- 插入classes数据示例
INSERT INTO classes (class_id, class_name, major_id) VALUES
   ('010101', '计算机科学与技术1班', '0101'),
   ('010102', '计算机科学与技术2班', '0101'),
   ('010201', '软件工程1班', '0102'),
   ('010202', '软件工程2班', '0102'),
   ('020101', '电子工程1班', '0201'),
   ('030101', '国际经济与贸易1班', '0401');

-- 学生表数据示例
INSERT INTO students (student_id, student_name, gender, birthday, enroll, nation, address, class_id) VALUES
    ('2021010101001', '李明', 1, '2000-01-01', 2021, '汉族', '上海', '010101'),
    ('2021010101002', '王红', 0, '2000-02-02', 2021, '汉族', '北京', '010101'),
    ('2021010102001', '张伟', 1, '2000-03-03', 2021, '汉族', '四川成都', '010102'),
    ('2021010102002', '李娜', 0, '2000-04-04', 2021, '维吾尔族', '新疆乌鲁木齐', '010102'),
    ('2021010201001', '刘强', 1, '2000-05-05', 2021, '苗族', '贵州贵阳', '010201'),
    ('2021010202001', '刘红', 0, '2000-08-08', 2021, '藏族', '西藏拉萨', '010202'),
    ('2021020101001', '孙丽', 0, '2000-10-10', 2021, '汉族', '河南郑州', '020101'),
    ('2021030101001', '王勇', 1, '2000-01-13', 2021, '汉族', '河南郑州', '030101');

-- 课程表数据示例
INSERT INTO courses (course_id, course_name, credit) VALUES
    ('C00001', '数据结构与算法', 4),
    ('C00002', '操作系统', 4),
    ('C00003', '软件工程导论', 3),
    ('C00004', '软件测试与质量保证', 3),
    ('C00005', '数字电子技术', 4),
    ('C00006', '国际金融', 3);

-- 成绩表数据示例
INSERT INTO grades (course_id, student_id, grade) VALUES
    ('C00001', '2021010101001', 85),
    ('C00001', '2021010101002', 78),
    ('C00001', '2021010102001', 92),
    ('C00001', '2021010102002', 88),
    ('C00001', '2021010201001', 79),
    ('C00001', '2021010202001', 51),
    ('C00002', '2021010101001', 90),
    ('C00002', '2021010101002', 85),
    ('C00002', '2021010102001', 94),
    ('C00002', '2021010102002', 82),
    ('C00002', '2021010201001', 83),
    ('C00002', '2021010202001', 88),
    ('C00003', '2021010101001', 58),
    ('C00003', '2021010101002', 76),
    ('C00003', '2021010102001', 90),
    ('C00003', '2021010102002', 85),
    ('C00003', '2021010201001', 92),
    ('C00003', '2021010202001', 83),
    ('C00004', '2021010101001', 92),
    ('C00004', '2021010101002', 85),
    ('C00004', '2021010102001', 78),
    ('C00004', '2021010102002', 90),
    ('C00004', '2021010201001', 89),
    ('C00004', '2021010202001', 92),
    ('C00005', '2021010101001', 85),
    ('C00005', '2021010101002', 50),
    ('C00005', '2021010102001', 92),
    ('C00005', '2021010102002', 89),
    ('C00005', '2021020101001', 91),
    ('C00006', '2021010101001', 92),
    ('C00006', '2021010101002', 85),
    ('C00006', '2021010102001', 78),
    ('C00006', '2021010102002', 90),
    ('C00006', '2021030101001', 86);

-- 用户表数据示例
INSERT INTO users (username, password, access) VALUES
    ('root', '0000', '0'),
    ('2021010101001', '0000', '1'),
    ('2021010101002', '0000', '1'),
    ('2021010102001', '0000', '1'),
    ('2021010102002', '0000', '1'),
    ('2021010201001', '0000', '1'),
    ('2021010202001', '0000', '1'),
    ('2021020101001', '0000', '1'),
    ('2021030101001', '0000', '1');